time,temperature_2m_mean (Â°C)
1/1/2013,11
1/2/2013,11.2
1/3/2013,11.1
1/4/2013,10.5
1/5/2013,10.6
1/6/2013,9
1/7/2013,8.4
1/8/2013,4.1
1/9/2013,5.1
1/10/2013,8
1/11/2013,11.3
1/12/2013,11.3
1/13/2013,10.7
1/14/2013,11.9
1/15/2013,13.5
1/16/2013,13.7
1/17/2013,12.3
1/18/2013,12.1
1/19/2013,10.5
1/20/2013,12.1
1/21/2013,13.4
1/22/2013,12.9
1/23/2013,12.8
1/24/2013,12.4
1/25/2013,10.9
1/26/2013,9.9
1/27/2013,8.7
1/28/2013,9.6
1/29/2013,9.7
1/30/2013,9.5
1/31/2013,12.2
2/1/2013,11.2
2/2/2013,12.8
2/3/2013,14.6
2/4/2013,13.9
2/5/2013,12.6
2/6/2013,11.8
2/7/2013,12.9
2/8/2013,10.8
2/9/2013,10.4
2/10/2013,10
2/11/2013,9.2
2/12/2013,10.7
2/13/2013,11.8
2/14/2013,9.7
2/15/2013,9.1
2/16/2013,9.5
2/17/2013,8.6
2/18/2013,9.3
2/19/2013,11.1
2/20/2013,10.5
2/21/2013,11.2
2/22/2013,12.2
2/23/2013,12.8
2/24/2013,13.6
2/25/2013,14.3
2/26/2013,13.3
2/27/2013,11.2
2/28/2013,9.9
3/1/2013,10.2
3/2/2013,10.7
3/3/2013,10.4
3/4/2013,11.2
3/5/2013,11.2
3/6/2013,9.8
3/7/2013,11.2
3/8/2013,13
3/9/2013,14
3/10/2013,15
3/11/2013,16.3
3/12/2013,14.2
3/13/2013,14.3
3/14/2013,15.2
3/15/2013,12.2
3/16/2013,9.8
3/17/2013,9.1
3/18/2013,10.5
3/19/2013,13.5
3/20/2013,13.5
3/21/2013,14.8
3/22/2013,12.9
3/23/2013,13.2
3/24/2013,14.1
3/25/2013,14.8
3/26/2013,14.7
3/27/2013,15.1
3/28/2013,15.3
3/29/2013,14.1
3/30/2013,15.4
3/31/2013,16.5
4/1/2013,15.8
4/2/2013,16.2
4/3/2013,15.4
4/4/2013,15.4
4/5/2013,16.2
4/6/2013,17.2
4/7/2013,16.7
4/8/2013,14.2
4/9/2013,14.8
4/10/2013,15.7
4/11/2013,16.8
4/12/2013,17.9
4/13/2013,18.8
4/14/2013,17.4
4/15/2013,15.2
4/16/2013,15.3
4/17/2013,15.6
4/18/2013,15
4/19/2013,14.3
4/20/2013,15.2
4/21/2013,16.9
4/22/2013,17.9
4/23/2013,19.3
4/24/2013,19.9
4/25/2013,21.3
4/26/2013,21.7
4/27/2013,21.8
4/28/2013,21.5
4/29/2013,23.4
4/30/2013,23.6
5/1/2013,23.9
5/2/2013,23.7
5/3/2013,23.6
5/4/2013,25.2
5/5/2013,25.1
5/6/2013,25.4
5/7/2013,23
5/8/2013,20.5
5/9/2013,18.5
5/10/2013,19
5/11/2013,21
5/12/2013,20.8
5/13/2013,19.2
5/14/2013,19.8
5/15/2013,21.2
5/16/2013,20.5
5/17/2013,21.6
5/18/2013,24.5
5/19/2013,26.2
5/20/2013,26.1
5/21/2013,25.6
5/22/2013,25.3
5/23/2013,23.9
5/24/2013,21.1
5/25/2013,21.7
5/26/2013,22.4
5/27/2013,21.3
5/28/2013,21.5
5/29/2013,23.4
5/30/2013,24.2
5/31/2013,21.7
6/1/2013,21.4
6/2/2013,20.7
6/3/2013,21.3
6/4/2013,22.5
6/5/2013,22.3
6/6/2013,23.1
6/7/2013,23.5
6/8/2013,23.7
6/9/2013,24.4
6/10/2013,25.7
6/11/2013,24.7
6/12/2013,22.2
6/13/2013,21.3
6/14/2013,22.9
6/15/2013,24.9
6/16/2013,27.2
6/17/2013,28.1
6/18/2013,28.2
6/19/2013,28.3
6/20/2013,28.5
6/21/2013,27.6
6/22/2013,28.6
6/23/2013,29.6
6/24/2013,29.9
6/25/2013,28
6/26/2013,28
6/27/2013,27.5
6/28/2013,27.3
6/29/2013,26.6
6/30/2013,24
7/1/2013,25.8
7/2/2013,26.5
7/3/2013,26.9
7/4/2013,27.7
7/5/2013,27.3
7/6/2013,26.4
7/7/2013,27.4
7/8/2013,27.9
7/9/2013,28.2
7/10/2013,27.9
7/11/2013,28.1
7/12/2013,28.4
7/13/2013,28.3
7/14/2013,29
7/15/2013,28.6
7/16/2013,28.1
7/17/2013,25.1
7/18/2013,26.1
7/19/2013,26.8
7/20/2013,27.8
7/21/2013,28.6
7/22/2013,26.4
7/23/2013,26.9
7/24/2013,28.3
7/25/2013,29.5
7/26/2013,30.4
7/27/2013,30.6
7/28/2013,29.9
7/29/2013,30.4
7/30/2013,31.1
7/31/2013,32
8/1/2013,29.1
8/2/2013,28.6
8/3/2013,29.5
8/4/2013,30.5
8/5/2013,28.2
8/6/2013,27.8
8/7/2013,28.5
8/8/2013,28.5
8/9/2013,29
8/10/2013,27.9
8/11/2013,28.3
8/12/2013,29.1
8/13/2013,29.7
8/14/2013,29.8
8/15/2013,29.1
8/16/2013,28
8/17/2013,27.9
8/18/2013,28.3
8/19/2013,28.8
8/20/2013,28.7
8/21/2013,27
8/22/2013,26
8/23/2013,27.6
8/24/2013,27.5
8/25/2013,28
8/26/2013,28.4
8/27/2013,29.4
8/28/2013,30.4
8/29/2013,28.6
8/30/2013,27.4
8/31/2013,26.5
9/1/2013,26.4
9/2/2013,26.7
9/3/2013,26.7
9/4/2013,26.8
9/5/2013,25.5
9/6/2013,25.6
9/7/2013,25.7
9/8/2013,26.7
9/9/2013,25.6
9/10/2013,26.7
9/11/2013,28.2
9/12/2013,29
9/13/2013,26.9
9/14/2013,25
9/15/2013,24.8
9/16/2013,23.7
9/17/2013,23.5
9/18/2013,24.1
9/19/2013,23.9
9/20/2013,24.7
9/21/2013,23.5
9/22/2013,22
9/23/2013,21.3
9/24/2013,23.1
9/25/2013,24.2
9/26/2013,23.8
9/27/2013,24.3
9/28/2013,24.5
9/29/2013,24.8
9/30/2013,25.8
10/1/2013,23.4
10/2/2013,20.6
10/3/2013,16.8
10/4/2013,15.4
10/5/2013,16
10/6/2013,16.7
10/7/2013,17.4
10/8/2013,18.5
10/9/2013,19.4
10/10/2013,21.8
10/11/2013,22.3
10/12/2013,24
10/13/2013,23.1
10/14/2013,22.4
10/15/2013,22.7
10/16/2013,22.1
10/17/2013,19.6
10/18/2013,20.5
10/19/2013,20.1
10/20/2013,19.3
10/21/2013,19.9
10/22/2013,21
10/23/2013,20.1
10/24/2013,19.3
10/25/2013,18.4
10/26/2013,17.6
10/27/2013,18.5
10/28/2013,20.5
10/29/2013,21.1
10/30/2013,20.6
10/31/2013,19.4
11/1/2013,17.4
11/2/2013,17.1
11/3/2013,18.5
11/4/2013,19.1
11/5/2013,19.8
11/6/2013,17.8
11/7/2013,17.7
11/8/2013,18.7
11/9/2013,18.3
11/10/2013,17.6
11/11/2013,18.5
11/12/2013,18.4
11/13/2013,17.7
11/14/2013,15.3
11/15/2013,14.9
11/16/2013,14.3
11/17/2013,13.9
11/18/2013,14
11/19/2013,14.4
11/20/2013,17.6
11/21/2013,16.9
11/22/2013,16
11/23/2013,16.5
11/24/2013,15.4
11/25/2013,14.3
11/26/2013,14.9
11/27/2013,13.3
11/28/2013,11.4
11/29/2013,12.3
11/30/2013,12.2
12/1/2013,15.3
12/2/2013,14.8
12/3/2013,10.1
12/4/2013,8.1
12/5/2013,9.7
12/6/2013,11.8
12/7/2013,10.3
12/8/2013,9.2
12/9/2013,10.6
12/10/2013,11.7
12/11/2013,6.5
12/12/2013,8.1
12/13/2013,8.8
12/14/2013,10.1
12/15/2013,11.4
12/16/2013,10.1
12/17/2013,9.3
12/18/2013,8.4
12/19/2013,9.5
12/20/2013,9
12/21/2013,9.6
12/22/2013,8.8
12/23/2013,8.4
12/24/2013,9.3
12/25/2013,11.6
12/26/2013,12.8
12/27/2013,13.3
12/28/2013,12.3
12/29/2013,12.4
12/30/2013,11.2
12/31/2013,9.6
1/1/2014,9.3
1/2/2014,10.5
1/3/2014,11.1
1/4/2014,11.4
1/5/2014,11
1/6/2014,12.3
1/7/2014,12.3
1/8/2014,11.7
1/9/2014,12.3
1/10/2014,12.7
1/11/2014,12.6
1/12/2014,13
1/13/2014,11.7
1/14/2014,11.7
1/15/2014,12.7
1/16/2014,13.1
1/17/2014,12.3
1/18/2014,12
1/19/2014,13.6
1/20/2014,14.5
1/21/2014,13.9
1/22/2014,12.9
1/23/2014,12.7
1/24/2014,11.8
1/25/2014,12.7
1/26/2014,9.9
1/27/2014,8.4
1/28/2014,9.8
1/29/2014,11.2
1/30/2014,11
1/31/2014,10.6
2/1/2014,7.3
2/2/2014,8.2
2/3/2014,8.6
2/4/2014,8.7
2/5/2014,9.4
2/6/2014,10.2
2/7/2014,11.4
2/8/2014,11.8
2/9/2014,12.9
2/10/2014,14
2/11/2014,13.6
2/12/2014,13.7
2/13/2014,11.9
2/14/2014,12.2
2/15/2014,12.8
2/16/2014,13.2
2/17/2014,14
2/18/2014,15.4
2/19/2014,14
2/20/2014,12.9
2/21/2014,13.4
2/22/2014,13.4
2/23/2014,13.6
2/24/2014,11.1
2/25/2014,11
2/26/2014,11.6
2/27/2014,11.6
2/28/2014,12.2
3/1/2014,11.9
3/2/2014,12.6
3/3/2014,11.4
3/4/2014,12.9
3/5/2014,11.5
3/6/2014,11.9
3/7/2014,11.7
3/8/2014,11.3
3/9/2014,9.7
3/10/2014,8.6
3/11/2014,8.6
3/12/2014,11
3/13/2014,11.9
3/14/2014,13.6
3/15/2014,13.2
3/16/2014,14.3
3/17/2014,15.6
3/18/2014,16.1
3/19/2014,16.5
3/20/2014,15
3/21/2014,14
3/22/2014,14.4
3/23/2014,14.9
3/24/2014,15.3
3/25/2014,13.6
3/26/2014,14.8
3/27/2014,15.3
3/28/2014,14.6
3/29/2014,14.2
3/30/2014,12.9
3/31/2014,13.2
4/1/2014,15.7
4/2/2014,17.1
4/3/2014,16.7
4/4/2014,15.6
4/5/2014,16.7
4/6/2014,16.3
4/7/2014,14.5
4/8/2014,15.9
4/9/2014,16.9
4/10/2014,15.8
4/11/2014,14.7
4/12/2014,14.1
4/13/2014,14.5
4/14/2014,14.9
4/15/2014,16.2
4/16/2014,16.2
4/17/2014,13.7
4/18/2014,13
4/19/2014,14
4/20/2014,16
4/21/2014,16.4
4/22/2014,19.4
4/23/2014,19.3
4/24/2014,18.7
4/25/2014,18.6
4/26/2014,18
4/27/2014,15.7
4/28/2014,16.2
4/29/2014,17.1
4/30/2014,16.2
5/1/2014,17.2
5/2/2014,18.4
5/3/2014,18
5/4/2014,17.9
5/5/2014,17.6
5/6/2014,16.8
5/7/2014,16.8
5/8/2014,17.8
5/9/2014,18.7
5/10/2014,20.1
5/11/2014,21.4
5/12/2014,21.1
5/13/2014,22.5
5/14/2014,21.8
5/15/2014,17.5
5/16/2014,17.2
5/17/2014,17.6
5/18/2014,18.9
5/19/2014,18.8
5/20/2014,20.2
5/21/2014,22.2
5/22/2014,23.5
5/23/2014,23.5
5/24/2014,23.9
5/25/2014,24.7
5/26/2014,24.5
5/27/2014,24.7
5/28/2014,24.8
5/29/2014,23.5
5/30/2014,20.6
5/31/2014,21.2
6/1/2014,20.9
6/2/2014,20.9
6/3/2014,19.7
6/4/2014,19.4
6/5/2014,22
6/6/2014,23.8
6/7/2014,25
6/8/2014,23.9
6/9/2014,22.7
6/10/2014,24.3
6/11/2014,25.8
6/12/2014,26.3
6/13/2014,26.3
6/14/2014,26.6
6/15/2014,25.3
6/16/2014,25.5
6/17/2014,26.8
6/18/2014,28.3
6/19/2014,25.5
6/20/2014,23.4
6/21/2014,24.7
6/22/2014,25.7
6/23/2014,26.6
6/24/2014,28.1
6/25/2014,30.1
6/26/2014,30.9
6/27/2014,30.1
6/28/2014,26.8
6/29/2014,26.7
6/30/2014,27.6
7/1/2014,28.2
7/2/2014,28.5
7/3/2014,29
7/4/2014,27.3
7/5/2014,26.1
7/6/2014,27.8
7/7/2014,29.1
7/8/2014,29.9
7/9/2014,28.8
7/10/2014,28.6
7/11/2014,27.1
7/12/2014,25.4
7/13/2014,26.5
7/14/2014,26.5
7/15/2014,25.1
7/16/2014,25.3
7/17/2014,26.6
7/18/2014,27.5
7/19/2014,27.8
7/20/2014,27.7
7/21/2014,29.1
7/22/2014,29.9
7/23/2014,27.4
7/24/2014,27.2
7/25/2014,28.6
7/26/2014,28.9
7/27/2014,29.6
7/28/2014,29.4
7/29/2014,29.1
7/30/2014,30.2
7/31/2014,29.2
8/1/2014,27.1
8/2/2014,27.3
8/3/2014,29.4
8/4/2014,30
8/5/2014,30.1
8/6/2014,28.2
8/7/2014,26.1
8/8/2014,27.6
8/9/2014,28.8
8/10/2014,29.6
8/11/2014,30.1
8/12/2014,30.8
8/13/2014,31
8/14/2014,30.9
8/15/2014,31.3
8/16/2014,29.1
8/17/2014,28.1
8/18/2014,26.3
8/19/2014,26.6
8/20/2014,27.9
8/21/2014,29.5
8/22/2014,31.2
8/23/2014,30.8
8/24/2014,30.6
8/25/2014,28.9
8/26/2014,28.6
8/27/2014,29.3
8/28/2014,30.1
8/29/2014,27.1
8/30/2014,25.7
8/31/2014,26.7
9/1/2014,27
9/2/2014,26.7
9/3/2014,25.8
9/4/2014,26.1
9/5/2014,26.2
9/6/2014,26
9/7/2014,25.3
9/8/2014,25.2
9/9/2014,25.2
9/10/2014,25.3
9/11/2014,25.9
9/12/2014,26.3
9/13/2014,26.6
9/14/2014,25.6
9/15/2014,24.7
9/16/2014,24.2
9/17/2014,22.6
9/18/2014,22.5
9/19/2014,23.2
9/20/2014,24.7
9/21/2014,26
9/22/2014,27.3
9/23/2014,27
9/24/2014,21.9
9/25/2014,24.3
9/26/2014,23.4
9/27/2014,18.7
9/28/2014,19.9
9/29/2014,19.9
9/30/2014,20.3
10/1/2014,20.9
10/2/2014,20.6
10/3/2014,19.8
10/4/2014,19.2
10/5/2014,19.7
10/6/2014,20.5
10/7/2014,21.4
10/8/2014,20.2
10/9/2014,20
10/10/2014,19.7
10/11/2014,20
10/12/2014,20
10/13/2014,21.6
10/14/2014,21.3
10/15/2014,22.6
10/16/2014,24.5
10/17/2014,24
10/18/2014,23.6
10/19/2014,19.4
10/20/2014,18.2
10/21/2014,20.4
10/22/2014,20.2
10/23/2014,18.7
10/24/2014,16.2
10/25/2014,15.2
10/26/2014,14
10/27/2014,14.3
10/28/2014,14
10/29/2014,15.3
10/30/2014,15.9
10/31/2014,14.6
11/1/2014,14
11/2/2014,14.3
11/3/2014,14.2
11/4/2014,14.2
11/5/2014,16.7
11/6/2014,17.9
11/7/2014,17.6
11/8/2014,16.9
11/9/2014,16.6
11/10/2014,17.2
11/11/2014,16.3
11/12/2014,16.3
11/13/2014,17.2
11/14/2014,16.1
11/15/2014,15.9
11/16/2014,14.9
11/17/2014,17.4
11/18/2014,16.7
11/19/2014,18.1
11/20/2014,16.3
11/21/2014,14
11/22/2014,12.9
11/23/2014,12.1
11/24/2014,12.1
11/25/2014,11
11/26/2014,10.3
11/27/2014,11.4
11/28/2014,13.7
11/29/2014,16.2
11/30/2014,17
12/1/2014,15.3
12/2/2014,16.6
12/3/2014,16.7
12/4/2014,16
12/5/2014,15.5
12/6/2014,16
12/7/2014,14.8
12/8/2014,13.2
12/9/2014,12.9
12/10/2014,12.7
12/11/2014,13.3
12/12/2014,12.6
12/13/2014,12.5
12/14/2014,12.1
12/15/2014,12.1
12/16/2014,13.1
12/17/2014,14.6
12/18/2014,12.9
12/19/2014,11.7
12/20/2014,12.3
12/21/2014,13
12/22/2014,10.3
12/23/2014,12.2
12/24/2014,13.4
12/25/2014,13.2
12/26/2014,12.9
12/27/2014,11.1
12/28/2014,10.8
12/29/2014,13.1
12/30/2014,4.7
12/31/2014,3.4
1/1/2015,4.1
1/2/2015,4.5
1/3/2015,7.5
1/4/2015,10.7
1/5/2015,6.5
1/6/2015,4.7
1/7/2015,3.9
1/8/2015,4.2
1/9/2015,5.9
1/10/2015,10.7
1/11/2015,13.4
1/12/2015,10.1
1/13/2015,8.2
1/14/2015,9.9
1/15/2015,10.2
1/16/2015,11.1
1/17/2015,10.2
1/18/2015,11.3
1/19/2015,13.2
1/20/2015,12.7
1/21/2015,14.1
1/22/2015,12.1
1/23/2015,13.8
1/24/2015,11.5
1/25/2015,11.7
1/26/2015,11.3
1/27/2015,9.6
1/28/2015,9.2
1/29/2015,10.6
1/30/2015,11.2
1/31/2015,14.9
2/1/2015,16.8
2/2/2015,11.6
2/3/2015,10.7
2/4/2015,11.5
2/5/2015,13.2
2/6/2015,13
2/7/2015,11.6
2/8/2015,10.4
2/9/2015,6.8
2/10/2015,3.9
2/11/2015,4.3
2/12/2015,5.2
2/13/2015,7.7
2/14/2015,8.5
2/15/2015,8.2
2/16/2015,8
2/17/2015,6.8
2/18/2015,3.4
2/19/2015,5.3
2/20/2015,9.1
2/21/2015,11
2/22/2015,11.5
2/23/2015,12.5
2/24/2015,11.5
2/25/2015,11.2
2/26/2015,11.3
2/27/2015,11.6
2/28/2015,12.2
3/1/2015,11.8
3/2/2015,12.3
3/3/2015,14.1
3/4/2015,13.2
3/5/2015,12.9
3/6/2015,14.7
3/7/2015,9
3/8/2015,7.8
3/9/2015,8.9
3/10/2015,9.8
3/11/2015,10.2
3/12/2015,10.5
3/13/2015,9.1
3/14/2015,10.7
3/15/2015,11.7
3/16/2015,11
3/17/2015,10.4
3/18/2015,9.2
3/19/2015,9
3/20/2015,9
3/21/2015,9.1
3/22/2015,10.1
3/23/2015,12.4
3/24/2015,13.2
3/25/2015,11.7
3/26/2015,13.3
3/27/2015,14.4
3/28/2015,13.3
3/29/2015,13.5
3/30/2015,13.9
3/31/2015,15
4/1/2015,15.5
4/2/2015,13.6
4/3/2015,13.8
4/4/2015,12
4/5/2015,13.8
4/6/2015,14.7
4/7/2015,12.7
4/8/2015,9.1
4/9/2015,10.2
4/10/2015,12.2
4/11/2015,14.1
4/12/2015,16.2
4/13/2015,17.1
4/14/2015,17.4
4/15/2015,15.9
4/16/2015,17.1
4/17/2015,17.3
4/18/2015,18.8
4/19/2015,17.6
4/20/2015,14.1
4/21/2015,15
4/22/2015,16.1
4/23/2015,14.5
4/24/2015,15.1
4/25/2015,16.6
4/26/2015,16.5
4/27/2015,17.7
4/28/2015,18.5
4/29/2015,18.2
4/30/2015,18.6
5/1/2015,18.7
5/2/2015,19
5/3/2015,20.5
5/4/2015,21.6
5/5/2015,23.1
5/6/2015,24.6
5/7/2015,25.5
5/8/2015,23.3
5/9/2015,22
5/10/2015,20.1
5/11/2015,17.8
5/12/2015,18.5
5/13/2015,20.5
5/14/2015,20.8
5/15/2015,22.7
5/16/2015,21.7
5/17/2015,21.9
5/18/2015,22
5/19/2015,21.5
5/20/2015,21.4
5/21/2015,23.8
5/22/2015,23.2
5/23/2015,22.7
5/24/2015,21
5/25/2015,21.1
5/26/2015,21.6
5/27/2015,20.9
5/28/2015,18.8
5/29/2015,18.3
5/30/2015,20.3
5/31/2015,22
6/1/2015,22.7
6/2/2015,22.2
6/3/2015,23
6/4/2015,24.5
6/5/2015,23.3
6/6/2015,21.9
6/7/2015,20.4
6/8/2015,21
6/9/2015,21.8
6/10/2015,23.5
6/11/2015,23.7
6/12/2015,24.8
6/13/2015,26.4
6/14/2015,27.2
6/15/2015,28.2
6/16/2015,28.2
6/17/2015,28
6/18/2015,24.1
6/19/2015,22.9
6/20/2015,24.7
6/21/2015,24.7
6/22/2015,22
6/23/2015,23.3
6/24/2015,25.5
6/25/2015,26.5
6/26/2015,25.2
6/27/2015,22.9
6/28/2015,24.6
6/29/2015,24.9
6/30/2015,24.6
7/1/2015,23.3
7/2/2015,24.9
7/3/2015,26.3
7/4/2015,25.6
7/5/2015,26.3
7/6/2015,28
7/7/2015,28.4
7/8/2015,28.9
7/9/2015,28.9
7/10/2015,29.5
7/11/2015,27.9
7/12/2015,28.2
7/13/2015,28.7
7/14/2015,29.5
7/15/2015,29.2
7/16/2015,29.1
7/17/2015,28.8
7/18/2015,28.4
7/19/2015,28.7
7/20/2015,29.7
7/21/2015,30.3
7/22/2015,29.1
7/23/2015,27.7
7/24/2015,28.6
7/25/2015,29.6
7/26/2015,30
7/27/2015,30.5
7/28/2015,31.3
7/29/2015,32.1
7/30/2015,32.6
7/31/2015,32.6
8/1/2015,31.3
8/2/2015,29.5
8/3/2015,29.3
8/4/2015,29.5
8/5/2015,29.9
8/6/2015,29.9
8/7/2015,28.2
8/8/2015,27.5
8/9/2015,28
8/10/2015,29
8/11/2015,29.1
8/12/2015,29.8
8/13/2015,30.1
8/14/2015,29.1
8/15/2015,29.1
8/16/2015,29.3
8/17/2015,28.9
8/18/2015,28.2
8/19/2015,29.2
8/20/2015,29.3
8/21/2015,27.6
8/22/2015,26.3
8/23/2015,26
8/24/2015,26.7
8/25/2015,27
8/26/2015,27.3
8/27/2015,26.5
8/28/2015,27
8/29/2015,27.1
8/30/2015,28.5
8/31/2015,27.8
9/1/2015,27.8
9/2/2015,28.6
9/3/2015,28.7
9/4/2015,29.6
9/5/2015,30.4
9/6/2015,31.5
9/7/2015,29.7
9/8/2015,26.8
9/9/2015,25.6
9/10/2015,26.5
9/11/2015,26.8
9/12/2015,25.6
9/13/2015,25
9/14/2015,25
9/15/2015,24.9
9/16/2015,25.4
9/17/2015,26.1
9/18/2015,27
9/19/2015,26.9
9/20/2015,26.4
9/21/2015,21.9
9/22/2015,21
9/23/2015,22
9/24/2015,23.5
9/25/2015,23.7
9/26/2015,22.4
9/27/2015,22.5
9/28/2015,22.9
9/29/2015,21.4
9/30/2015,19.6
10/1/2015,18.8
10/2/2015,19
10/3/2015,19.8
10/4/2015,20.4
10/5/2015,22.2
10/6/2015,22.8
10/7/2015,22.6
10/8/2015,21.1
10/9/2015,21.5
10/10/2015,21.2
10/11/2015,22.5
10/12/2015,21.8
10/13/2015,21.1
10/14/2015,20
10/15/2015,18.9
10/16/2015,18
10/17/2015,19.6
10/18/2015,20.5
10/19/2015,21.1
10/20/2015,21.1
10/21/2015,21.4
10/22/2015,20.9
10/23/2015,17
10/24/2015,15
10/25/2015,15.9
10/26/2015,15.9
10/27/2015,16
10/28/2015,15.2
10/29/2015,15
10/30/2015,15.4
10/31/2015,14.7
11/1/2015,14.1
11/2/2015,13.6
11/3/2015,15.1
11/4/2015,15
11/5/2015,16.6
11/6/2015,15.3
11/7/2015,14.6
11/8/2015,14.3
11/9/2015,16.4
11/10/2015,19.7
11/11/2015,19.3
11/12/2015,19.1
11/13/2015,19.1
11/14/2015,17.6
11/15/2015,15.9
11/16/2015,16
11/17/2015,17.3
11/18/2015,16.8
11/19/2015,16.7
11/20/2015,16.8
11/21/2015,17.6
11/22/2015,19
11/23/2015,19.3
11/24/2015,17.3
11/25/2015,16.5
11/26/2015,15.8
11/27/2015,15.9
11/28/2015,14.8
11/29/2015,14.4
11/30/2015,12.8
12/1/2015,14.2
12/2/2015,15.6
12/3/2015,15
12/4/2015,13.7
12/5/2015,12
12/6/2015,11.8
12/7/2015,12.1
12/8/2015,11.8
12/9/2015,11.7
12/10/2015,11.4
12/11/2015,10.2
12/12/2015,9.1
12/13/2015,10.3
12/14/2015,11.6
12/15/2015,10.7
12/16/2015,10.8
12/17/2015,9.6
12/18/2015,9.9
12/19/2015,8.7
12/20/2015,8.8
12/21/2015,9.9
12/22/2015,11.1
12/23/2015,11.4
12/24/2015,13.5
12/25/2015,12
12/26/2015,11.1
12/27/2015,11.7
12/28/2015,12.3
12/29/2015,12.6
12/30/2015,9.3
12/31/2015,3.5
1/1/2016,4.1
1/2/2016,7.8
1/3/2016,10.3
1/4/2016,12.2
1/5/2016,15.2
1/6/2016,14.8
1/7/2016,13.1
1/8/2016,12.6
1/9/2016,12.7
1/10/2016,12.8
1/11/2016,13.8
1/12/2016,14.9
1/13/2016,13.7
1/14/2016,12.1
1/15/2016,12.4
1/16/2016,14.2
1/17/2016,10.8
1/18/2016,4.9
1/19/2016,5.3
1/20/2016,5.5
1/21/2016,8.4
1/22/2016,7.8
1/23/2016,4.9
1/24/2016,5
1/25/2016,5.6
1/26/2016,8.6
1/27/2016,9.7
1/28/2016,12.3
1/29/2016,12.6
1/30/2016,13
1/31/2016,12.5
2/1/2016,13.6
2/2/2016,14.9
2/3/2016,14.7
2/4/2016,13.4
2/5/2016,9.4
2/6/2016,7.9
2/7/2016,8.6
2/8/2016,8.6
2/9/2016,10.3
2/10/2016,11.5
2/11/2016,14
2/12/2016,14.8
2/13/2016,14.1
2/14/2016,16
2/15/2016,16.1
2/16/2016,16.5
2/17/2016,15.6
2/18/2016,15
2/19/2016,15.2
2/20/2016,13.8
2/21/2016,13.2
2/22/2016,14.7
2/23/2016,15
2/24/2016,14.2
2/25/2016,13.8
2/26/2016,13.8
2/27/2016,13.5
2/28/2016,13.3
2/29/2016,14.7
3/1/2016,15.6
3/2/2016,13.8
3/3/2016,13.8
3/4/2016,11.9
3/5/2016,12.6
3/6/2016,13.8
3/7/2016,14.3
3/8/2016,14.6
3/9/2016,13.7
3/10/2016,12.3
3/11/2016,13.4
3/12/2016,13.4
3/13/2016,13.9
3/14/2016,10.2
3/15/2016,9.7
3/16/2016,10.2
3/17/2016,10.4
3/18/2016,10.3
3/19/2016,13.3
3/20/2016,14.3
3/21/2016,14.9
3/22/2016,15.9
3/23/2016,16.6
3/24/2016,15.4
3/25/2016,12.5
3/26/2016,10.9
3/27/2016,10.8
3/28/2016,11
3/29/2016,13.9
3/30/2016,15.9
3/31/2016,16.4
4/1/2016,16.5
4/2/2016,17.3
4/3/2016,15.4
4/4/2016,17.4
4/5/2016,20
4/6/2016,20.4
4/7/2016,19.6
4/8/2016,19
4/9/2016,18
4/10/2016,16
4/11/2016,16.2
4/12/2016,18.3
4/13/2016,20.1
4/14/2016,22.2
4/15/2016,20.8
4/16/2016,20.3
4/17/2016,21
4/18/2016,22.1
4/19/2016,22.8
4/20/2016,21.5
4/21/2016,17.6
4/22/2016,17.9
4/23/2016,20
4/24/2016,18.7
4/25/2016,18.4
4/26/2016,15.5
4/27/2016,17.1
4/28/2016,19
4/29/2016,19.1
4/30/2016,19
5/1/2016,19.4
5/2/2016,17.6
5/3/2016,15.6
5/4/2016,16.1
5/5/2016,16.6
5/6/2016,17.9
5/7/2016,18.6
5/8/2016,18.7
5/9/2016,20
5/10/2016,21.5
5/11/2016,21.5
5/12/2016,22.9
5/13/2016,22.7
5/14/2016,22.4
5/15/2016,21.2
5/16/2016,20.5
5/17/2016,20.4
5/18/2016,19.7
5/19/2016,20.2
5/20/2016,20.8
5/21/2016,18.4
5/22/2016,17.9
5/23/2016,20.9
5/24/2016,21.3
5/25/2016,19.5
5/26/2016,21.5
5/27/2016,23.4
5/28/2016,24.3
5/29/2016,23.7
5/30/2016,26
5/31/2016,26.6
6/1/2016,26.4
6/2/2016,26.4
6/3/2016,23.8
6/4/2016,23.4
6/5/2016,24.4
6/6/2016,24.6
6/7/2016,23.6
6/8/2016,21.5
6/9/2016,21.7
6/10/2016,22.5
6/11/2016,23.9
6/12/2016,25.5
6/13/2016,24.8
6/14/2016,23.8
6/15/2016,24.7
6/16/2016,27.3
6/17/2016,30.4
6/18/2016,32.5
6/19/2016,32.5
6/20/2016,31.6
6/21/2016,29.5
6/22/2016,29.7
6/23/2016,29.9
6/24/2016,29.1
6/25/2016,27.2
6/26/2016,26.3
6/27/2016,27.9
6/28/2016,28.1
6/29/2016,27.3
6/30/2016,28
7/1/2016,28.9
7/2/2016,29.8
7/3/2016,29.4
7/4/2016,29.7
7/5/2016,29.2
7/6/2016,29
7/7/2016,28.3
7/8/2016,28
7/9/2016,28.1
7/10/2016,29.5
7/11/2016,29.3
7/12/2016,28.3
7/13/2016,28.9
7/14/2016,30.5
7/15/2016,31.4
7/16/2016,27.4
7/17/2016,25.7
7/18/2016,27.1
7/19/2016,27.1
7/20/2016,26.3
7/21/2016,27.7
7/22/2016,28.8
7/23/2016,29.7
7/24/2016,30.6
7/25/2016,29.9
7/26/2016,29.3
7/27/2016,28.8
7/28/2016,29.5
7/29/2016,29.9
7/30/2016,30.2
7/31/2016,30.6
8/1/2016,30.9
8/2/2016,31
8/3/2016,30.1
8/4/2016,29.2
8/5/2016,29.6
8/6/2016,30.4
8/7/2016,29.7
8/8/2016,27.9
8/9/2016,27
8/10/2016,28.7
8/11/2016,30.1
8/12/2016,29.1
8/13/2016,24.5
8/14/2016,24.4
8/15/2016,25.8
8/16/2016,27.7
8/17/2016,28.5
8/18/2016,29.6
8/19/2016,29.1
8/20/2016,28.3
8/21/2016,28.6
8/22/2016,29.1
8/23/2016,28.1
8/24/2016,26.6
8/25/2016,25.5
8/26/2016,25.9
8/27/2016,25.6
8/28/2016,26.3
8/29/2016,27.4
8/30/2016,27.8
8/31/2016,28.7
9/1/2016,27.4
9/2/2016,25.6
9/3/2016,25.6
9/4/2016,26.1
9/5/2016,26.6
9/6/2016,25.4
9/7/2016,25.4
9/8/2016,25.7
9/9/2016,25
9/10/2016,24.4
9/11/2016,24.6
9/12/2016,24.4
9/13/2016,24.6
9/14/2016,25.3
9/15/2016,26.3
9/16/2016,26.6
9/17/2016,27.7
9/18/2016,27.7
9/19/2016,25.5
9/20/2016,23.2
9/21/2016,23.6
9/22/2016,21.9
9/23/2016,21.4
9/24/2016,20.7
9/25/2016,20.5
9/26/2016,20.7
9/27/2016,20.9
9/28/2016,20.5
9/29/2016,21.3
9/30/2016,22.5
10/1/2016,23.1
10/2/2016,24.2
10/3/2016,24.9
10/4/2016,24.5
10/5/2016,22.7
10/6/2016,21.4
10/7/2016,22.4
10/8/2016,22.3
10/9/2016,21.3
10/10/2016,20.9
10/11/2016,21
10/12/2016,21.8
10/13/2016,19.6
10/14/2016,20.8
10/15/2016,19.8
10/16/2016,20.1
10/17/2016,19.2
10/18/2016,16
10/19/2016,16.5
10/20/2016,18.2
10/21/2016,18.2
10/22/2016,19.9
10/23/2016,19.7
10/24/2016,19.5
10/25/2016,17.6
10/26/2016,18
10/27/2016,17.2
10/28/2016,14.5
10/29/2016,14.7
10/30/2016,15.9
10/31/2016,14.8
11/1/2016,14
11/2/2016,15.2
11/3/2016,17.4
11/4/2016,18.2
11/5/2016,17.5
11/6/2016,17.9
11/7/2016,19
11/8/2016,21.4
11/9/2016,17.9
11/10/2016,16.5
11/11/2016,16.5
11/12/2016,17.4
11/13/2016,15.8
11/14/2016,14.6
11/15/2016,13.1
11/16/2016,12.2
11/17/2016,12.8
11/18/2016,12.8
11/19/2016,12.8
11/20/2016,13.3
11/21/2016,13.2
11/22/2016,13.3
11/23/2016,12.7
11/24/2016,13
11/25/2016,12.9
11/26/2016,15
11/27/2016,15.6
11/28/2016,15.4
11/29/2016,11.9
11/30/2016,7.6
12/1/2016,8.4
12/2/2016,11.7
12/3/2016,13.1
12/4/2016,12.7
12/5/2016,10.9
12/6/2016,10.7
12/7/2016,12.3
12/8/2016,9.4
12/9/2016,10.6
12/10/2016,12.6
12/11/2016,13.4
12/12/2016,13.3
12/13/2016,10.7
12/14/2016,6.3
12/15/2016,9.5
12/16/2016,7.5
12/17/2016,6.4
12/18/2016,7.3
12/19/2016,7.7
12/20/2016,8
12/21/2016,7.5
12/22/2016,6.6
12/23/2016,8.1
12/24/2016,9.4
12/25/2016,8.9
12/26/2016,10.3
12/27/2016,12.2
12/28/2016,8
12/29/2016,4.8
12/30/2016,4.5
12/31/2016,4.3
1/1/2017,6.7
1/2/2017,8.6
1/3/2017,10.3
1/4/2017,10.2
1/5/2017,11.4
1/6/2017,9.6
1/7/2017,1.6
1/8/2017,1.2
1/9/2017,1.1
1/10/2017,3
1/11/2017,7.7
1/12/2017,8.6
1/13/2017,9.1
1/14/2017,11.3
1/15/2017,9.4
1/16/2017,8.6
1/17/2017,9.9
1/18/2017,10.1
1/19/2017,8.8
1/20/2017,7.5
1/21/2017,7.6
1/22/2017,7.4
1/23/2017,8
1/24/2017,7.1
1/25/2017,6.8
1/26/2017,6.4
1/27/2017,4.8
1/28/2017,6.5
1/29/2017,7
1/30/2017,7.3
1/31/2017,6.6
2/1/2017,7.7
2/2/2017,11.3
2/3/2017,11.7
2/4/2017,12.2
2/5/2017,13.4
2/6/2017,12.9
2/7/2017,11.9
2/8/2017,10.4
2/9/2017,10
2/10/2017,8.9
2/11/2017,7.1
2/12/2017,6.4
2/13/2017,6
2/14/2017,6.1
2/15/2017,8
2/16/2017,8.2
2/17/2017,8.8
2/18/2017,10.9
2/19/2017,12.3
2/20/2017,12.4
2/21/2017,11.1
2/22/2017,11.6
2/23/2017,12.5
2/24/2017,13.1
2/25/2017,13
2/26/2017,12.8
2/27/2017,13.3
2/28/2017,12.8
3/1/2017,14.1
3/2/2017,13.6
3/3/2017,14.3
3/4/2017,13.7
3/5/2017,14.3
3/6/2017,13.9
3/7/2017,13
3/8/2017,12.2
3/9/2017,11.3
3/10/2017,11.6
3/11/2017,10.1
3/12/2017,12
3/13/2017,12.3
3/14/2017,11.5
3/15/2017,12.2
3/16/2017,11.9
3/17/2017,11.9
3/18/2017,12.9
3/19/2017,14.3
3/20/2017,16.3
3/21/2017,16.1
3/22/2017,14.7
3/23/2017,14.6
3/24/2017,14.7
3/25/2017,16.8
3/26/2017,16.7
3/27/2017,12.3
3/28/2017,11.5
3/29/2017,13.5
3/30/2017,15.3
3/31/2017,15
4/1/2017,14.2
4/2/2017,14.4
4/3/2017,14.1
4/4/2017,15.2
4/5/2017,15
4/6/2017,15.1
4/7/2017,15.6
4/8/2017,14.8
4/9/2017,16.2
4/10/2017,16.2
4/11/2017,16.5
4/12/2017,17.6
4/13/2017,17.6
4/14/2017,18.8
4/15/2017,18.9
4/16/2017,18.8
4/17/2017,17.3
4/18/2017,16.2
4/19/2017,18.2
4/20/2017,16.2
4/21/2017,14
4/22/2017,12.1
4/23/2017,14.9
4/24/2017,16.8
4/25/2017,16.6
4/26/2017,17.8
4/27/2017,20
4/28/2017,21.2
4/29/2017,22
4/30/2017,21.6
5/1/2017,19.7
5/2/2017,21.1
5/3/2017,21.8
5/4/2017,22
5/5/2017,21.7
5/6/2017,21.6
5/7/2017,21.7
5/8/2017,21.3
5/9/2017,20.2
5/10/2017,19.9
5/11/2017,20.9
5/12/2017,23.8
5/13/2017,26.3
5/14/2017,25.7
5/15/2017,24.5
5/16/2017,21
5/17/2017,17
5/18/2017,16.3
5/19/2017,18.7
5/20/2017,21.1
5/21/2017,20.1
5/22/2017,19.7
5/23/2017,21.7
5/24/2017,21.4
5/25/2017,21
5/26/2017,20.6
5/27/2017,19.6
5/28/2017,17.3
5/29/2017,19
5/30/2017,21.5
5/31/2017,22.8
6/1/2017,24.8
6/2/2017,26
6/3/2017,25.4
6/4/2017,24.2
6/5/2017,24.2
6/6/2017,24.7
6/7/2017,25.2
6/8/2017,24.1
6/9/2017,24.4
6/10/2017,24.7
6/11/2017,21
6/12/2017,21.9
6/13/2017,25
6/14/2017,27.3
6/15/2017,27.6
6/16/2017,26.5
6/17/2017,25.5
6/18/2017,21.3
6/19/2017,22
6/20/2017,24.4
6/21/2017,25.4
6/22/2017,27.4
6/23/2017,28.5
6/24/2017,29.7
6/25/2017,30.2
6/26/2017,29.5
6/27/2017,29.8
6/28/2017,30.8
6/29/2017,32.4
6/30/2017,33.9
7/1/2017,34.6
7/2/2017,34.1
7/3/2017,28.3
7/4/2017,26.8
7/5/2017,26.1
7/6/2017,27.1
7/7/2017,28.8
7/8/2017,29.4
7/9/2017,30.5
7/10/2017,31.1
7/11/2017,31.3
7/12/2017,32.3
7/13/2017,32.6
7/14/2017,31
7/15/2017,28.9
7/16/2017,26.9
7/17/2017,22
7/18/2017,23.1
7/19/2017,25.6
7/20/2017,26.7
7/21/2017,27.6
7/22/2017,28.7
7/23/2017,30.4
7/24/2017,31.4
7/25/2017,31.1
7/26/2017,29.6
7/27/2017,26.6
7/28/2017,27.1
7/29/2017,28.8
7/30/2017,29.3
7/31/2017,28.2
8/1/2017,27.3
8/2/2017,28.2
8/3/2017,30
8/4/2017,30.7
8/5/2017,31.5
8/6/2017,31.9
8/7/2017,32.5
8/8/2017,31.8
8/9/2017,29.6
8/10/2017,30.2
8/11/2017,31.1
8/12/2017,31.6
8/13/2017,28.4
8/14/2017,28
8/15/2017,28.5
8/16/2017,28.7
8/17/2017,29.1
8/18/2017,29.1
8/19/2017,29.5
8/20/2017,29.3
8/21/2017,28.4
8/22/2017,26.8
8/23/2017,26.2
8/24/2017,26.5
8/25/2017,25.9
8/26/2017,25.8
8/27/2017,26.4
8/28/2017,28.3
8/29/2017,28.5
8/30/2017,23.4
8/31/2017,24.6
9/1/2017,26
9/2/2017,28
9/3/2017,28.7
9/4/2017,26.6
9/5/2017,25.6
9/6/2017,24.7
9/7/2017,25.5
9/8/2017,26.4
9/9/2017,26.8
9/10/2017,27.5
9/11/2017,26.3
9/12/2017,26
9/13/2017,26.1
9/14/2017,27.1
9/15/2017,27.2
9/16/2017,27.4
9/17/2017,28.4
9/18/2017,29.8
9/19/2017,29.1
9/20/2017,26.7
9/21/2017,22.4
9/22/2017,21.7
9/23/2017,22.4
9/24/2017,23.3
9/25/2017,22.7
9/26/2017,22.5
9/27/2017,21.9
9/28/2017,20
9/29/2017,18.4
9/30/2017,18.1
10/1/2017,18.1
10/2/2017,18.6
10/3/2017,18.9
10/4/2017,19.5
10/5/2017,21.1
10/6/2017,23.1
10/7/2017,22.2
10/8/2017,18.3
10/9/2017,19.2
10/10/2017,19.9
10/11/2017,20.6
10/12/2017,19.8
10/13/2017,20.2
10/14/2017,20.4
10/15/2017,19.4
10/16/2017,21.2
10/17/2017,20.5
10/18/2017,20.4
10/19/2017,21.1
10/20/2017,21
10/21/2017,21.3
10/22/2017,21.8
10/23/2017,20.7
10/24/2017,17.6
10/25/2017,16
10/26/2017,16.2
10/27/2017,17.5
10/28/2017,16.4
10/29/2017,16.2
10/30/2017,17.5
10/31/2017,15.6
11/1/2017,14.5
11/2/2017,14.7
11/3/2017,15.9
11/4/2017,14.6
11/5/2017,14.7
11/6/2017,14.6
11/7/2017,16.1
11/8/2017,15.4
11/9/2017,15.9
11/10/2017,15.6
11/11/2017,16.9
11/12/2017,17.2
11/13/2017,16.3
11/14/2017,15.9
11/15/2017,17.3
11/16/2017,16.6
11/17/2017,16.1
11/18/2017,14.5
11/19/2017,14.6
11/20/2017,13.6
11/21/2017,11.5
11/22/2017,13.1
11/23/2017,14.7
11/24/2017,14.4
11/25/2017,14.4
11/26/2017,14.1
11/27/2017,14.1
11/28/2017,11.8
11/29/2017,12.4
11/30/2017,15.4
12/1/2017,16.7
12/2/2017,17.5
12/3/2017,16.8
12/4/2017,13.8
12/5/2017,10.9
12/6/2017,9.1
12/7/2017,12.3
12/8/2017,12.4
12/9/2017,12.7
12/10/2017,13
12/11/2017,11.5
12/12/2017,13.6
12/13/2017,14.1
12/14/2017,14.2
12/15/2017,13.8
12/16/2017,15.1
12/17/2017,14.9
12/18/2017,11.3
12/19/2017,9.1
12/20/2017,8.2
12/21/2017,7.3
12/22/2017,6.1
12/23/2017,7.1
12/24/2017,9.6
12/25/2017,12.2
12/26/2017,11.7
12/27/2017,11.8
12/28/2017,13
12/29/2017,12.3
12/30/2017,11
12/31/2017,10.4
1/1/2018,11.5
1/2/2018,12.7
1/3/2018,11.6
1/4/2018,9.5
1/5/2018,10.6
1/6/2018,11.9
1/7/2018,12.1
1/8/2018,12.4
1/9/2018,12.1
1/10/2018,12.1
1/11/2018,12.4
1/12/2018,11.8
1/13/2018,11.2
1/14/2018,8.2
1/15/2018,9.8
1/16/2018,12.1
1/17/2018,12.8
1/18/2018,11.1
1/19/2018,10.9
1/20/2018,12.3
1/21/2018,12.6
1/22/2018,10.3
1/23/2018,8.1
1/24/2018,6.6
1/25/2018,6.1
1/26/2018,6.5
1/27/2018,7.6
1/28/2018,8.6
1/29/2018,10.1
1/30/2018,11.8
1/31/2018,12.3
2/1/2018,11.3
2/2/2018,12.1
2/3/2018,13.1
2/4/2018,13.2
2/5/2018,11.9
2/6/2018,11.8
2/7/2018,10.8
2/8/2018,12.6
2/9/2018,12.3
2/10/2018,12.2
2/11/2018,12.3
2/12/2018,10.9
2/13/2018,11.5
2/14/2018,11.6
2/15/2018,9.3
2/16/2018,8.9
2/17/2018,10.2
2/18/2018,10.4
2/19/2018,11.4
2/20/2018,10.4
2/21/2018,11.8
2/22/2018,12.8
2/23/2018,12.7
2/24/2018,11.6
2/25/2018,10.6
2/26/2018,11.4
2/27/2018,12
2/28/2018,11.3
3/1/2018,9.5
3/2/2018,12.8
3/3/2018,14.5
3/4/2018,14.7
3/5/2018,15.4
3/6/2018,15.7
3/7/2018,15.4
3/8/2018,13.5
3/9/2018,13.6
3/10/2018,13.7
3/11/2018,14.1
3/12/2018,15
3/13/2018,14.7
3/14/2018,14.1
3/15/2018,13.9
3/16/2018,14.6
3/17/2018,15.9
3/18/2018,16.2
3/19/2018,15.2
3/20/2018,14.2
3/21/2018,14.7
3/22/2018,14.4
3/23/2018,13.4
3/24/2018,11.9
3/25/2018,12.7
3/26/2018,16
3/27/2018,14.2
3/28/2018,13.6
3/29/2018,14
3/30/2018,15
3/31/2018,15.3
4/1/2018,15.5
4/2/2018,15.1
4/3/2018,16.5
4/4/2018,17
4/5/2018,17.7
4/6/2018,15.8
4/7/2018,15.8
4/8/2018,17.4
4/9/2018,17.2
4/10/2018,17
4/11/2018,16.7
4/12/2018,18
4/13/2018,19.2
4/14/2018,21.2
4/15/2018,19.3
4/16/2018,17.7
4/17/2018,18.6
4/18/2018,19.4
4/19/2018,19
4/20/2018,19.4
4/21/2018,17.2
4/22/2018,19.4
4/23/2018,20.1
4/24/2018,21.6
4/25/2018,22.7
4/26/2018,22.1
4/27/2018,22.7
4/28/2018,22.6
4/29/2018,21.6
4/30/2018,20.3
5/1/2018,22.8
5/2/2018,23.3
5/3/2018,21.3
5/4/2018,20.6
5/5/2018,20.3
5/6/2018,19.4
5/7/2018,19.3
5/8/2018,20.4
5/9/2018,20.5
5/10/2018,20.1
5/11/2018,19.7
5/12/2018,20.3
5/13/2018,21.4
5/14/2018,21.6
5/15/2018,22.9
5/16/2018,23.3
5/17/2018,23.4
5/18/2018,23.4
5/19/2018,23.9
5/20/2018,23.4
5/21/2018,22.5
5/22/2018,22.9
5/23/2018,22.8
5/24/2018,22
5/25/2018,23.6
5/26/2018,24.6
5/27/2018,23.9
5/28/2018,23.9
5/29/2018,24
5/30/2018,24.6
5/31/2018,24.7
6/1/2018,25.6
6/2/2018,26.9
6/3/2018,26.7
6/4/2018,27.2
6/5/2018,27.9
6/6/2018,27.6
6/7/2018,27.8
6/8/2018,27.8
6/9/2018,26.3
6/10/2018,25.4
6/11/2018,26.6
6/12/2018,28.1
6/13/2018,28.7
6/14/2018,27.5
6/15/2018,25.4
6/16/2018,23.7
6/17/2018,23.5
6/18/2018,24
6/19/2018,24.2
6/20/2018,25.8
6/21/2018,26.4
6/22/2018,26.2
6/23/2018,25.8
6/24/2018,23.9
6/25/2018,22.6
6/26/2018,21.3
6/27/2018,21.1
6/28/2018,22.3
6/29/2018,23
6/30/2018,23.9
7/1/2018,27
7/2/2018,28.6
7/3/2018,29.7
7/4/2018,30
7/5/2018,29.6
7/6/2018,29.9
7/7/2018,28.8
7/8/2018,27.3
7/9/2018,26.5
7/10/2018,26.5
7/11/2018,27
7/12/2018,28.5
7/13/2018,29.6
7/14/2018,29.7
7/15/2018,29.1
7/16/2018,30.3
7/17/2018,30.6
7/18/2018,28.2
7/19/2018,28.6
7/20/2018,29
7/21/2018,30
7/22/2018,31.2
7/23/2018,30.4
7/24/2018,27.6
7/25/2018,28.2
7/26/2018,27.2
7/27/2018,26.8
7/28/2018,27.9
7/29/2018,26.8
7/30/2018,27.4
7/31/2018,28.2
8/1/2018,28.6
8/2/2018,28.8
8/3/2018,27.8
8/4/2018,27.8
8/5/2018,28.1
8/6/2018,28.7
8/7/2018,29.2
8/8/2018,29.4
8/9/2018,28.5
8/10/2018,27.4
8/11/2018,26.8
8/12/2018,26.9
8/13/2018,27.6
8/14/2018,28.4
8/15/2018,28.9
8/16/2018,27.8
8/17/2018,28.4
8/18/2018,29.1
8/19/2018,29.1
8/20/2018,28
8/21/2018,27.3
8/22/2018,27.1
8/23/2018,27.4
8/24/2018,27.7
8/25/2018,27.7
8/26/2018,28.2
8/27/2018,26.8
8/28/2018,23.6
8/29/2018,27.1
8/30/2018,27.6
8/31/2018,27.8
9/1/2018,27.8
9/2/2018,28.4
9/3/2018,29.2
9/4/2018,27.8
9/5/2018,26.8
9/6/2018,26.4
9/7/2018,27
9/8/2018,26.9
9/9/2018,26.8
9/10/2018,26.9
9/11/2018,27.1
9/12/2018,25.4
9/13/2018,23.3
9/14/2018,24.9
9/15/2018,25.9
9/16/2018,26.7
9/17/2018,25.1
9/18/2018,24
9/19/2018,23.3
9/20/2018,23.6
9/21/2018,23.8
9/22/2018,24.1
9/23/2018,26
9/24/2018,26.6
9/25/2018,21.5
9/26/2018,18.4
9/27/2018,16.8
9/28/2018,17.6
9/29/2018,17.3
9/30/2018,17.9
10/1/2018,19.8
10/2/2018,21.3
10/3/2018,21.6
10/4/2018,21.2
10/5/2018,19.9
10/6/2018,18.2
10/7/2018,18.6
10/8/2018,19.8
10/9/2018,19
10/10/2018,18.7
10/11/2018,19
10/12/2018,18.7
10/13/2018,18.6
10/14/2018,18.2
10/15/2018,18.4
10/16/2018,19
10/17/2018,18.8
10/18/2018,18.7
10/19/2018,18.2
10/20/2018,18.9
10/21/2018,19.2
10/22/2018,18.2
10/23/2018,17.7
10/24/2018,18.1
10/25/2018,16.2
10/26/2018,17
10/27/2018,18.1
10/28/2018,19.3
10/29/2018,18.6
10/30/2018,18.4
10/31/2018,20.9
11/1/2018,20.3
11/2/2018,18.8
11/3/2018,16.8
11/4/2018,16.2
11/5/2018,16.7
11/6/2018,16
11/7/2018,16.9
11/8/2018,16
11/9/2018,15.5
11/10/2018,15.3
11/11/2018,15.4
11/12/2018,15.1
11/13/2018,15
11/14/2018,14.2
11/15/2018,14.1
11/16/2018,12.2
11/17/2018,11.7
11/18/2018,12.9
11/19/2018,16.4
11/20/2018,17
11/21/2018,17.3
11/22/2018,15.1
11/23/2018,13.7
11/24/2018,12.8
11/25/2018,14.3
11/26/2018,17.2
11/27/2018,16.6
11/28/2018,15.5
11/29/2018,9.9
11/30/2018,8.7
12/1/2018,9.6
12/2/2018,11
12/3/2018,11.1
12/4/2018,10.9
12/5/2018,12
12/6/2018,10.2
12/7/2018,9.2
12/8/2018,11.4
12/9/2018,13.2
12/10/2018,13.3
12/11/2018,10
12/12/2018,8.8
12/13/2018,9.4
12/14/2018,12.2
12/15/2018,15
12/16/2018,13.5
12/17/2018,12.2
12/18/2018,10.5
12/19/2018,8.8
12/20/2018,9.1
12/21/2018,11.1
12/22/2018,12
12/23/2018,13.2
12/24/2018,12.3
12/25/2018,9.1
12/26/2018,6.5
12/27/2018,7.2
12/28/2018,7.9
12/29/2018,10.2
12/30/2018,10.4
12/31/2018,8.8
1/1/2019,7.2
1/2/2019,8.4
1/3/2019,7.3
1/4/2019,5.9
1/5/2019,4.4
1/6/2019,5.3
1/7/2019,5
1/8/2019,3.2
1/9/2019,7.1
1/10/2019,12.4
1/11/2019,11.5
1/12/2019,6.2
1/13/2019,7.4
1/14/2019,9
1/15/2019,7.6
1/16/2019,7.5
1/17/2019,9.7
1/18/2019,10.2
1/19/2019,9.7
1/20/2019,10.4
1/21/2019,10.1
1/22/2019,11.2
1/23/2019,12.3
1/24/2019,11.7
1/25/2019,11.6
1/26/2019,10.5
1/27/2019,10.1
1/28/2019,11
1/29/2019,13
1/30/2019,11.7
1/31/2019,10.5
2/1/2019,12.2
2/2/2019,12.4
2/3/2019,13.1
2/4/2019,13.9
2/5/2019,14.3
2/6/2019,11.2
2/7/2019,9.1
2/8/2019,9.1
2/9/2019,9.7
2/10/2019,10.8
2/11/2019,11.8
2/12/2019,12.3
2/13/2019,6.4
2/14/2019,7.6
2/15/2019,7.1
2/16/2019,7.3
2/17/2019,9
2/18/2019,11.3
2/19/2019,13
2/20/2019,11.6
2/21/2019,12.6
2/22/2019,12.3
2/23/2019,7.4
2/24/2019,4.1
2/25/2019,5.1
2/26/2019,8.8
2/27/2019,9.4
2/28/2019,9.4
3/1/2019,12
3/2/2019,12.8
3/3/2019,11.9
3/4/2019,11.2
3/5/2019,12.9
3/6/2019,14.7
3/7/2019,15.1
3/8/2019,14.9
3/9/2019,14.7
3/10/2019,15.4
3/11/2019,15
3/12/2019,13.3
3/13/2019,8.8
3/14/2019,10.7
3/15/2019,10.4
3/16/2019,13
3/17/2019,15.4
3/18/2019,14.8
3/19/2019,14.7
3/20/2019,14.2
3/21/2019,12.7
3/22/2019,12.1
3/23/2019,12.8
3/24/2019,13
3/25/2019,13.9
3/26/2019,15.3
3/27/2019,13.7
3/28/2019,11.2
3/29/2019,10.4
3/30/2019,10.3
3/31/2019,12.3
4/1/2019,13.9
4/2/2019,14.2
4/3/2019,12.7
4/4/2019,13.1
4/5/2019,13.2
4/6/2019,12.8
4/7/2019,14.6
4/8/2019,13.2
4/9/2019,13.8
4/10/2019,15
4/11/2019,15.7
4/12/2019,14.8
4/13/2019,14.5
4/14/2019,14.3
4/15/2019,13.1
4/16/2019,13.8
4/17/2019,14.5
4/18/2019,13.4
4/19/2019,13.4
4/20/2019,13.9
4/21/2019,13.9
4/22/2019,14.8
4/23/2019,14.8
4/24/2019,15.4
4/25/2019,17
4/26/2019,19.1
4/27/2019,20
4/28/2019,20
4/29/2019,18.7
4/30/2019,17.6
5/1/2019,15.9
5/2/2019,16.3
5/3/2019,17.8
5/4/2019,15.6
5/5/2019,18
5/6/2019,17.1
5/7/2019,15.6
5/8/2019,16
5/9/2019,17.3
5/10/2019,18.7
5/11/2019,20.1
5/12/2019,19.5
5/13/2019,18.3
5/14/2019,18.9
5/15/2019,18.5
5/16/2019,19
5/17/2019,19.4
5/18/2019,20.7
5/19/2019,20
5/20/2019,21
5/21/2019,21.8
5/22/2019,20.3
5/23/2019,21.4
5/24/2019,19.7
5/25/2019,21.1
5/26/2019,22.4
5/27/2019,21.7
5/28/2019,22.7
5/29/2019,21.7
5/30/2019,23.5
5/31/2019,23.4
6/1/2019,21.9
6/2/2019,21.8
6/3/2019,20.4
6/4/2019,20.9
6/5/2019,22.2
6/6/2019,23.3
6/7/2019,25.9
6/8/2019,27.4
6/9/2019,27.9
6/10/2019,25.7
6/11/2019,24.7
6/12/2019,25.7
6/13/2019,27.7
6/14/2019,29.2
6/15/2019,28.9
6/16/2019,28.1
6/17/2019,27.5
6/18/2019,27.2
6/19/2019,26.8
6/20/2019,26.5
6/21/2019,28
6/22/2019,29.2
6/23/2019,29.8
6/24/2019,30.2
6/25/2019,27.9
6/26/2019,27.2
6/27/2019,27.4
6/28/2019,29.5
6/29/2019,27.6
6/30/2019,25.9
7/1/2019,26.3
7/2/2019,27.6
7/3/2019,28.8
7/4/2019,29.7
7/5/2019,29.9
7/6/2019,29.2
7/7/2019,29.8
7/8/2019,30.9
7/9/2019,30.9
7/10/2019,31.9
7/11/2019,26.2
7/12/2019,25.7
7/13/2019,26.4
7/14/2019,26.4
7/15/2019,25.1
7/16/2019,24.8
7/17/2019,22.6
7/18/2019,25.9
7/19/2019,26.4
7/20/2019,26.3
7/21/2019,27.5
7/22/2019,28.1
7/23/2019,28.8
7/24/2019,28.1
7/25/2019,27.3
7/26/2019,28.6
7/27/2019,29.2
7/28/2019,29.7
7/29/2019,28.9
7/30/2019,28.5
7/31/2019,29.1
8/1/2019,30.5
8/2/2019,31.4
8/3/2019,31.8
8/4/2019,29.7
8/5/2019,28.2
8/6/2019,27.8
8/7/2019,28.8
8/8/2019,29.2
8/9/2019,30.4
8/10/2019,30.5
8/11/2019,29.7
8/12/2019,28.1
8/13/2019,28.3
8/14/2019,29.6
8/15/2019,29.9
8/16/2019,29.2
8/17/2019,27.7
8/18/2019,27.1
8/19/2019,27.3
8/20/2019,27.2
8/21/2019,27.7
8/22/2019,29.1
8/23/2019,29.3
8/24/2019,28.8
8/25/2019,28.6
8/26/2019,28.5
8/27/2019,28.2
8/28/2019,28.1
8/29/2019,27.6
8/30/2019,27.4
8/31/2019,26.9
9/1/2019,27
9/2/2019,27.5
9/3/2019,27.5
9/4/2019,27
9/5/2019,26
9/6/2019,26.2
9/7/2019,26.2
9/8/2019,26.9
9/9/2019,26.7
9/10/2019,26.8
9/11/2019,25.9
9/12/2019,26.2
9/13/2019,24.7
9/14/2019,25.4
9/15/2019,25.1
9/16/2019,25.7
9/17/2019,26.9
9/18/2019,26.4
9/19/2019,26.5
9/20/2019,22.3
9/21/2019,20.8
9/22/2019,21
9/23/2019,23.2
9/24/2019,23.7
9/25/2019,23.6
9/26/2019,24.3
9/27/2019,24.8
9/28/2019,24.5
9/29/2019,25.3
9/30/2019,25.6
10/1/2019,26
10/2/2019,24.7
10/3/2019,23.9
10/4/2019,22.4
10/5/2019,21.5
10/6/2019,21.9
10/7/2019,19.6
10/8/2019,18.5
10/9/2019,19.7
10/10/2019,21.1
10/11/2019,23.1
10/12/2019,21.7
10/13/2019,21.2
10/14/2019,20.6
10/15/2019,20.8
10/16/2019,21.8
10/17/2019,21.8
10/18/2019,21.8
10/19/2019,21.5
10/20/2019,21.5
10/21/2019,20.9
10/22/2019,20.7
10/23/2019,20
10/24/2019,20.4
10/25/2019,19.4
10/26/2019,19.2
10/27/2019,19.8
10/28/2019,19.5
10/29/2019,19.7
10/30/2019,20.2
10/31/2019,19
11/1/2019,17.5
11/2/2019,17.3
11/3/2019,17.7
11/4/2019,20.1
11/5/2019,19.1
11/6/2019,18.9
11/7/2019,20.2
11/8/2019,20.3
11/9/2019,18
11/10/2019,19.2
11/11/2019,17.6
11/12/2019,20
11/13/2019,17.8
11/14/2019,17.2
11/15/2019,17.8
11/16/2019,17.2
11/17/2019,17.2
11/18/2019,18.2
11/19/2019,17.3
11/20/2019,19
11/21/2019,18
11/22/2019,16.9
11/23/2019,15.8
11/24/2019,16.3
11/25/2019,16.5
11/26/2019,15.1
11/27/2019,15.5
11/28/2019,16.3
11/29/2019,17.7
11/30/2019,16.5
12/1/2019,13.4
12/2/2019,12
12/3/2019,14.5
12/4/2019,12.6
12/5/2019,11.3
12/6/2019,11.4
12/7/2019,13.6
12/8/2019,14.5
12/9/2019,13.8
12/10/2019,13.5
12/11/2019,13.8
12/12/2019,12.4
12/13/2019,12.6
12/14/2019,13.7
12/15/2019,15.7
12/16/2019,14.7
12/17/2019,13.9
12/18/2019,13.4
12/19/2019,13.9
12/20/2019,15.6
12/21/2019,14.8
12/22/2019,15.9
12/23/2019,14.1
12/24/2019,13
12/25/2019,12.4
12/26/2019,12
12/27/2019,10.6
12/28/2019,8.3
12/29/2019,6
12/30/2019,4.9
12/31/2019,7.4
1/1/2020,8.4
1/2/2020,7.1
1/3/2020,8.7
1/4/2020,10.1
1/5/2020,9.2
1/6/2020,5.5
1/7/2020,6.7
1/8/2020,7.2
1/9/2020,7.5
1/10/2020,9.4
1/11/2020,10.7
1/12/2020,9.8
1/13/2020,10.3
1/14/2020,10.4
1/15/2020,9.9
1/16/2020,10.2
1/17/2020,9.3
1/18/2020,8.5
1/19/2020,8.5
1/20/2020,8.4
1/21/2020,7.4
1/22/2020,8.4
1/23/2020,9.9
1/24/2020,8.5
1/25/2020,10.6
1/26/2020,10.6
1/27/2020,11.5
1/28/2020,12
1/29/2020,13.1
1/30/2020,12.7
1/31/2020,11.5
2/1/2020,13.2
2/2/2020,12.3
2/3/2020,13.2
2/4/2020,14
2/5/2020,11.4
2/6/2020,6.8
2/7/2020,7.1
2/8/2020,7.2
2/9/2020,8.2
2/10/2020,10.2
2/11/2020,13.1
2/12/2020,14.3
2/13/2020,13
2/14/2020,12
2/15/2020,11.5
2/16/2020,10.6
2/17/2020,10.6
2/18/2020,10.8
2/19/2020,12.1
2/20/2020,12
2/21/2020,9.3
2/22/2020,8.4
2/23/2020,9.7
2/24/2020,12.6
2/25/2020,13.3
2/26/2020,13.4
2/27/2020,13.4
2/28/2020,11.8
2/29/2020,11.1
3/1/2020,11.3
3/2/2020,14.1
3/3/2020,14.7
3/4/2020,14.3
3/5/2020,12.7
3/6/2020,13.1
3/7/2020,13.8
3/8/2020,14.7
3/9/2020,11.5
3/10/2020,12.4
3/11/2020,13
3/12/2020,13.7
3/13/2020,16.8
3/14/2020,17.1
3/15/2020,13.7
3/16/2020,9.1
3/17/2020,10.2
3/18/2020,12.5
3/19/2020,11.6
3/20/2020,13.6
3/21/2020,14.9
3/22/2020,14.3
3/23/2020,12.9
3/24/2020,12.6
3/25/2020,11.9
3/26/2020,11.5
3/27/2020,11
3/28/2020,11.8
3/29/2020,13
3/30/2020,13.5
3/31/2020,14.3
4/1/2020,12.6
4/2/2020,11.6
4/3/2020,10.4
4/4/2020,10
4/5/2020,10.7
4/6/2020,9.6
4/7/2020,10.1
4/8/2020,11.8
4/9/2020,13.2
4/10/2020,16.3
4/11/2020,17.5
4/12/2020,17.6
4/13/2020,16.3
4/14/2020,16.6
4/15/2020,13.6
4/16/2020,12.6
4/17/2020,15.6
4/18/2020,17.8
4/19/2020,18.5
4/20/2020,19.1
4/21/2020,15.3
4/22/2020,12
4/23/2020,12.3
4/24/2020,14.3
4/25/2020,16.3
4/26/2020,16.9
4/27/2020,18.3
4/28/2020,18.9
4/29/2020,19.3
4/30/2020,18.6
5/1/2020,19
5/2/2020,19.1
5/3/2020,19
5/4/2020,17.2
5/5/2020,18.7
5/6/2020,20.1
5/7/2020,16.2
5/8/2020,18.2
5/9/2020,20.5
5/10/2020,20.4
5/11/2020,21.7
5/12/2020,23
5/13/2020,23.9
5/14/2020,24.6
5/15/2020,27.5
5/16/2020,28.8
5/17/2020,28.4
5/18/2020,28.3
5/19/2020,26.5
5/20/2020,25.2
5/21/2020,21.9
5/22/2020,19.3
5/23/2020,21.1
5/24/2020,21.6
5/25/2020,21.7
5/26/2020,17.8
5/27/2020,16.1
5/28/2020,17.9
5/29/2020,19.1
5/30/2020,19.4
5/31/2020,19.6
6/1/2020,19.3
6/2/2020,19.5
6/3/2020,20.4
6/4/2020,21.3
6/5/2020,21.6
6/6/2020,22.1
6/7/2020,22.6
6/8/2020,24.5
6/9/2020,25.1
6/10/2020,24.5
6/11/2020,22.9
6/12/2020,22.5
6/13/2020,23.5
6/14/2020,25.1
6/15/2020,25.5
6/16/2020,24.1
6/17/2020,23.6
6/18/2020,24.2
6/19/2020,25.2
6/20/2020,26.9
6/21/2020,25.8
6/22/2020,23.3
6/23/2020,24.1
6/24/2020,24.8
6/25/2020,26.1
6/26/2020,26.6
6/27/2020,26.6
6/28/2020,27.4
6/29/2020,27.7
6/30/2020,29.7
7/1/2020,31
7/2/2020,30.7
7/3/2020,30.2
7/4/2020,30.6
7/5/2020,28.6
7/6/2020,25.8
7/7/2020,26.7
7/8/2020,27
7/9/2020,25.9
7/10/2020,25.9
7/11/2020,26.5
7/12/2020,27.9
7/13/2020,27.5
7/14/2020,25.7
7/15/2020,26
7/16/2020,26.7
7/17/2020,27.5
7/18/2020,27.8
7/19/2020,27.9
7/20/2020,28.5
7/21/2020,28.4
7/22/2020,28
7/23/2020,28.4
7/24/2020,29
7/25/2020,29.7
7/26/2020,29.2
7/27/2020,29.3
7/28/2020,29.9
7/29/2020,30.3
7/30/2020,31.1
7/31/2020,31.5
8/1/2020,32.1
8/2/2020,29.2
8/3/2020,29.3
8/4/2020,29.5
8/5/2020,29.5
8/6/2020,28.4
8/7/2020,26.9
8/8/2020,26.2
8/9/2020,26.1
8/10/2020,27.5
8/11/2020,28.4
8/12/2020,29.2
8/13/2020,29
8/14/2020,29.1
8/15/2020,29.6
8/16/2020,28.5
8/17/2020,27.4
8/18/2020,28.2
8/19/2020,28.7
8/20/2020,28.5
8/21/2020,28
8/22/2020,29.4
8/23/2020,29.4
8/24/2020,29.4
8/25/2020,29.3
8/26/2020,28.5
8/27/2020,28.8
8/28/2020,28.9
8/29/2020,29.1
8/30/2020,29.2
8/31/2020,30.6
9/1/2020,30.5
9/2/2020,29.4
9/3/2020,29.5
9/4/2020,28.1
9/5/2020,26.5
9/6/2020,27
9/7/2020,27.8
9/8/2020,28.3
9/9/2020,27.4
9/10/2020,26.6
9/11/2020,25.8
9/12/2020,25.7
9/13/2020,26.2
9/14/2020,26.6
9/15/2020,25.7
9/16/2020,25
9/17/2020,25
9/18/2020,24.6
9/19/2020,22.2
9/20/2020,21.5
9/21/2020,21.7
9/22/2020,22.9
9/23/2020,24.2
9/24/2020,24.7
9/25/2020,24.7
9/26/2020,24.3
9/27/2020,22.8
9/28/2020,23.7
9/29/2020,22.5
9/30/2020,21.5
10/1/2020,21.6
10/2/2020,22.4
10/3/2020,23.1
10/4/2020,23.9
10/5/2020,26.1
10/6/2020,26.3
10/7/2020,25.4
10/8/2020,22.7
10/9/2020,21.2
10/10/2020,21.9
10/11/2020,21.7
10/12/2020,22.4
10/13/2020,21.3
10/14/2020,20.4
10/15/2020,20.6
10/16/2020,21.8
10/17/2020,21.8
10/18/2020,20.3
10/19/2020,18.2
10/20/2020,18.1
10/21/2020,17.4
10/22/2020,19.4
10/23/2020,19.4
10/24/2020,20.7
10/25/2020,20.2
10/26/2020,19.2
10/27/2020,19
10/28/2020,17.5
10/29/2020,18.3
10/30/2020,18.5
10/31/2020,17.9
11/1/2020,17.8
11/2/2020,17.4
11/3/2020,17.7
11/4/2020,18.4
11/5/2020,17.1
11/6/2020,16.2
11/7/2020,15.9
11/8/2020,15.9
11/9/2020,16.2
11/10/2020,16
11/11/2020,15.6
11/12/2020,15.7
11/13/2020,15.7
11/14/2020,15.1
11/15/2020,15.1
11/16/2020,15.9
11/17/2020,16
11/18/2020,14.9
11/19/2020,13.1
11/20/2020,12.8
11/21/2020,13
11/22/2020,13.1
11/23/2020,12.9
11/24/2020,12.3
11/25/2020,12.3
11/26/2020,12.8
11/27/2020,13.5
11/28/2020,13.5
11/29/2020,14.2
11/30/2020,13.6
12/1/2020,12
12/2/2020,12.5
12/3/2020,13.2
12/4/2020,14
12/5/2020,13.2
12/6/2020,14.5
12/7/2020,14.8
12/8/2020,13.9
12/9/2020,15.5
12/10/2020,13.9
12/11/2020,12.2
12/12/2020,13.5
12/13/2020,13.3
12/14/2020,12.1
12/15/2020,12.9
12/16/2020,12.6
12/17/2020,12.5
12/18/2020,12.7
12/19/2020,12.4
12/20/2020,12.6
12/21/2020,12.5
12/22/2020,12.3
12/23/2020,13.1
12/24/2020,12.9
12/25/2020,14
12/26/2020,14.9
12/27/2020,15.1
12/28/2020,13.4
12/29/2020,14.5
12/30/2020,15.4
12/31/2020,13.9
1/1/2021,12.4
1/2/2021,12.3
1/3/2021,15
1/4/2021,14.3
1/5/2021,12.2
1/6/2021,12.2
1/7/2021,12.6
1/8/2021,13.9
1/9/2021,16.3
1/10/2021,15.9
1/11/2021,17.4
1/12/2021,15.7
1/13/2021,12
1/14/2021,10.2
1/15/2021,8.3
1/16/2021,5.7
1/17/2021,4.1
1/18/2021,4.8
1/19/2021,5.5
1/20/2021,8.4
1/21/2021,9.9
1/22/2021,11.4
1/23/2021,12
1/24/2021,12.2
1/25/2021,13.7
1/26/2021,13.5
1/27/2021,8.4
1/28/2021,7.6
1/29/2021,10.3
1/30/2021,13.5
1/31/2021,12.5
2/1/2021,14.1
2/2/2021,13.4
2/3/2021,13
2/4/2021,13.6
2/5/2021,14.2
2/6/2021,14.7
2/7/2021,14.3
2/8/2021,15.1
2/9/2021,15
2/10/2021,14.3
2/11/2021,13.6
2/12/2021,12.7
2/13/2021,9.1
2/14/2021,5.5
2/15/2021,2.9
2/16/2021,3.7
2/17/2021,6.1
2/18/2021,9.6
2/19/2021,11.9
2/20/2021,11.4
2/21/2021,9.9
2/22/2021,10
2/23/2021,11.7
2/24/2021,13
2/25/2021,12.3
2/26/2021,13.2
2/27/2021,13.2
2/28/2021,11.8
3/1/2021,11.2
3/2/2021,9.9
3/3/2021,11.3
3/4/2021,13.4
3/5/2021,12.9
3/6/2021,13.9
3/7/2021,11.5
3/8/2021,12.3
3/9/2021,12.7
3/10/2021,13.7
3/11/2021,10.3
3/12/2021,10.8
3/13/2021,12.8
3/14/2021,13.7
3/15/2021,12.1
3/16/2021,11
3/17/2021,10.8
3/18/2021,11
3/19/2021,12.5
3/20/2021,12.5
3/21/2021,13
3/22/2021,13.9
3/23/2021,8.8
3/24/2021,8.9
3/25/2021,7.2
3/26/2021,9.7
3/27/2021,11.8
3/28/2021,13.5
3/29/2021,15
3/30/2021,13.3
3/31/2021,10.6
4/1/2021,11.9
4/2/2021,14.3
4/3/2021,16
4/4/2021,17.3
4/5/2021,14.5
4/6/2021,14.5
4/7/2021,15.9
4/8/2021,12
4/9/2021,9.9
4/10/2021,12
4/11/2021,14
4/12/2021,14.8
4/13/2021,15.9
4/14/2021,15.7
4/15/2021,15.4
4/16/2021,14.8
4/17/2021,14.7
4/18/2021,16.2
4/19/2021,15.6
4/20/2021,14.6
4/21/2021,14.9
4/22/2021,16.6
4/23/2021,18
4/24/2021,14.3
4/25/2021,14.4
4/26/2021,16
4/27/2021,17
4/28/2021,18.6
4/29/2021,19.9
4/30/2021,21.4
5/1/2021,22.7
5/2/2021,23.9
5/3/2021,24.1
5/4/2021,22.7
5/5/2021,21.8
5/6/2021,21.1
5/7/2021,21.7
5/8/2021,22.8
5/9/2021,19.2
5/10/2021,17.8
5/11/2021,19.2
5/12/2021,20.7
5/13/2021,21
5/14/2021,20.5
5/15/2021,20.1
5/16/2021,19.6
5/17/2021,21.8
5/18/2021,22.3
5/19/2021,22.7
5/20/2021,21
5/21/2021,19.9
5/22/2021,21.1
5/23/2021,23
5/24/2021,25.7
5/25/2021,27.2
5/26/2021,26.7
5/27/2021,25.2
5/28/2021,23.8
5/29/2021,23
5/30/2021,22
5/31/2021,22
6/1/2021,20.7
6/2/2021,20.9
6/3/2021,22.3
6/4/2021,23.4
6/5/2021,23.4
6/6/2021,24.5
6/7/2021,25.8
6/8/2021,24.8
6/9/2021,22.7
6/10/2021,23.1
6/11/2021,23.7
6/12/2021,22.7
6/13/2021,23.5
6/14/2021,21.9
6/15/2021,19.8
6/16/2021,23.4
6/17/2021,24.9
6/18/2021,25.3
6/19/2021,26
6/20/2021,26.9
6/21/2021,27.4
6/22/2021,29.1
6/23/2021,30.8
6/24/2021,31.8
6/25/2021,31.1
6/26/2021,31.9
6/27/2021,31
6/28/2021,30.8
6/29/2021,31.5
6/30/2021,31.2
7/1/2021,33.1
7/2/2021,29.8
7/3/2021,28.2
7/4/2021,28.3
7/5/2021,28.8
7/6/2021,29.8
7/7/2021,30.6
7/8/2021,30.4
7/9/2021,29.2
7/10/2021,29
7/11/2021,29
7/12/2021,30
7/13/2021,30.5
7/14/2021,31.1
7/15/2021,31.5
7/16/2021,31.4
7/17/2021,29.8
7/18/2021,29.2
7/19/2021,28.8
7/20/2021,29
7/21/2021,30.1
7/22/2021,28.9
7/23/2021,27.8
7/24/2021,27.5
7/25/2021,27.7
7/26/2021,28.5
7/27/2021,29.8
7/28/2021,31.2
7/29/2021,32.5
7/30/2021,33.6
7/31/2021,33.7
8/1/2021,33.7
8/2/2021,34.4
8/3/2021,35
8/4/2021,34.2
8/5/2021,34.8
8/6/2021,30.4
8/7/2021,30.2
8/8/2021,30.4
8/9/2021,31.8
8/10/2021,32.7
8/11/2021,32.7
8/12/2021,30
8/13/2021,30.5
8/14/2021,27.9
8/15/2021,27.8
8/16/2021,29
8/17/2021,29.2
8/18/2021,30.2
8/19/2021,29.2
8/20/2021,28.9
8/21/2021,28.2
8/22/2021,27.8
8/23/2021,27.7
8/24/2021,27.7
8/25/2021,28.1
8/26/2021,29.8
8/27/2021,29.3
8/28/2021,28.3
8/29/2021,28
8/30/2021,28.2
8/31/2021,28
9/1/2021,27.9
9/2/2021,26.5
9/3/2021,25.5
9/4/2021,25.3
9/5/2021,25.8
9/6/2021,23.7
9/7/2021,22.1
9/8/2021,20.5
9/9/2021,21
9/10/2021,22.8
9/11/2021,24.5
9/12/2021,24.1
9/13/2021,24.5
9/14/2021,25.4
9/15/2021,26
9/16/2021,26.7
9/17/2021,27.1
9/18/2021,28.7
9/19/2021,28.3
9/20/2021,27.7
9/21/2021,27
9/22/2021,24.4
9/23/2021,19.2
9/24/2021,20.3
9/25/2021,24.4
9/26/2021,25.2
9/27/2021,25.6
9/28/2021,24.7
9/29/2021,22.1
9/30/2021,20.7
10/1/2021,19.4
10/2/2021,18.8
10/3/2021,19.1
10/4/2021,19.4
10/5/2021,19.4
10/6/2021,19
10/7/2021,19.2
10/8/2021,18.9
10/9/2021,19.4
10/10/2021,20.2
10/11/2021,20.6
10/12/2021,18.6
10/13/2021,18.5
10/14/2021,17.7
10/15/2021,17.9
10/16/2021,18.1
10/17/2021,17.9
10/18/2021,17.7
10/19/2021,17.2
10/20/2021,16.7
10/21/2021,17.6
10/22/2021,19.2
10/23/2021,19.9
10/24/2021,18.5
10/25/2021,14.8
10/26/2021,14.3
10/27/2021,14.9
10/28/2021,15.1
10/29/2021,15
10/30/2021,15.1
10/31/2021,15.4
11/1/2021,15.3
11/2/2021,17.5
11/3/2021,17.9
11/4/2021,18.3
11/5/2021,18.8
11/6/2021,18.8
11/7/2021,17.5
11/8/2021,16.5
11/9/2021,17.2
11/10/2021,14.1
11/11/2021,12
11/12/2021,12.8
11/13/2021,13
11/14/2021,15.4
11/15/2021,15.5
11/16/2021,14.2
11/17/2021,13.6
11/18/2021,14.2
11/19/2021,14
11/20/2021,13.2
11/21/2021,14.7
11/22/2021,14.6
11/23/2021,15.8
11/24/2021,13.8
11/25/2021,12.2
11/26/2021,13.9
11/27/2021,16.7
11/28/2021,16.6
11/29/2021,17.1
11/30/2021,12.6
12/1/2021,11.7
12/2/2021,13.1
12/3/2021,15.8
12/4/2021,14.4
12/5/2021,13.1
12/6/2021,15.1
12/7/2021,13.1
12/8/2021,12.2
12/9/2021,13.9
12/10/2021,13.9
12/11/2021,14.5
12/12/2021,14
12/13/2021,11.4
12/14/2021,8.5
12/15/2021,9.1
12/16/2021,9.4
12/17/2021,9.3
12/18/2021,6.9
12/19/2021,6.6
12/20/2021,10
12/21/2021,8.5
12/22/2021,8.6
12/23/2021,8.3
12/24/2021,9.7
12/25/2021,11.8
12/26/2021,12.8
12/27/2021,14
12/28/2021,13.4
12/29/2021,13.2
12/30/2021,11.7
12/31/2021,11.9
1/1/2022,12.2
1/2/2022,13.4
1/3/2022,12.5
1/4/2022,12.7
1/5/2022,13.1
1/6/2022,12.4
1/7/2022,12.8
1/8/2022,12.2
1/9/2022,11.5
1/10/2022,10.6
1/11/2022,10.6
1/12/2022,5.8
1/13/2022,5
1/14/2022,6.1
1/15/2022,9.7
1/16/2022,9.2
1/17/2022,10.1
1/18/2022,9.7
1/19/2022,6.6
1/20/2022,8.9
1/21/2022,10.4
1/22/2022,5.3
1/23/2022,4.5
1/24/2022,2.3
1/25/2022,3
1/26/2022,4.4
1/27/2022,6.9
1/28/2022,7.6
1/29/2022,6.5
1/30/2022,8
1/31/2022,9
2/1/2022,12.2
2/2/2022,9.7
2/3/2022,7.3
2/4/2022,8.4
2/5/2022,10.4
2/6/2022,12
2/7/2022,12.4
2/8/2022,8.4
2/9/2022,8.7
2/10/2022,10.6
2/11/2022,10.8
2/12/2022,11.4
2/13/2022,10.2
2/14/2022,9.5
2/15/2022,10.6
2/16/2022,11.6
2/17/2022,11.8
2/18/2022,12.2
2/19/2022,13.2
2/20/2022,13
2/21/2022,14.3
2/22/2022,13.4
2/23/2022,10.9
2/24/2022,10.6
2/25/2022,10.9
2/26/2022,11.8
2/27/2022,12.2
2/28/2022,9.2
3/1/2022,8.4
3/2/2022,6.5
3/3/2022,8.2
3/4/2022,10.6
3/5/2022,10.9
3/6/2022,11.8
3/7/2022,11.1
3/8/2022,9.4
3/9/2022,6
3/10/2022,4.8
3/11/2022,4
3/12/2022,3.9
3/13/2022,5
3/14/2022,7.8
3/15/2022,9
3/16/2022,11.6
3/17/2022,11.9
3/18/2022,7.4
3/19/2022,5.9
3/20/2022,5.6
3/21/2022,6.4
3/22/2022,9.1
3/23/2022,8.4
3/24/2022,12.3
3/25/2022,14.3
3/26/2022,14.2
3/27/2022,13.9
3/28/2022,13.3
3/29/2022,13.8
3/30/2022,14.2
3/31/2022,13.8
4/1/2022,17.2
4/2/2022,16.1
4/3/2022,14.4
4/4/2022,13.7
4/5/2022,13.4
4/6/2022,14.7
4/7/2022,15.4
4/8/2022,16.7
4/9/2022,17.3
4/10/2022,16.1
4/11/2022,13.7
4/12/2022,14.5
4/13/2022,15.1
4/14/2022,15.8
4/15/2022,16.3
4/16/2022,17.2
4/17/2022,13.7
4/18/2022,11.1
4/19/2022,11.5
4/20/2022,13.9
4/21/2022,15.4
4/22/2022,15.7
4/23/2022,17.2
4/24/2022,19.3
4/25/2022,20
4/26/2022,19.9
4/27/2022,20.6
4/28/2022,20.6
4/29/2022,18
4/30/2022,18.3
5/1/2022,17.8
5/2/2022,14.8
5/3/2022,16
5/4/2022,16.1
5/5/2022,17.9
5/6/2022,18.6
5/7/2022,17.3
5/8/2022,17.1
5/9/2022,17.9
5/10/2022,17.5
5/11/2022,19.2
5/12/2022,21.5
5/13/2022,21.1
5/14/2022,21.7
5/15/2022,22.4
5/16/2022,23.5
5/17/2022,23.9
5/18/2022,23.5
5/19/2022,17.3
5/20/2022,19.2
5/21/2022,22.2
5/22/2022,23.4
5/23/2022,23.9
5/24/2022,25
5/25/2022,26
5/26/2022,27.3
5/27/2022,27
5/28/2022,26.2
5/29/2022,24.2
5/30/2022,24.2
5/31/2022,25.8
6/1/2022,26.5
6/2/2022,26.8
6/3/2022,27.6
6/4/2022,27.6
6/5/2022,28.4
6/6/2022,28.2
6/7/2022,25.9
6/8/2022,24.6
6/9/2022,25.6
6/10/2022,25
6/11/2022,23.2
6/12/2022,24.5
6/13/2022,25.7
6/14/2022,26.7
6/15/2022,26.1
6/16/2022,25.4
6/17/2022,26.2
6/18/2022,25.2
6/19/2022,24
6/20/2022,25.4
6/21/2022,27.2
6/22/2022,29.4
6/23/2022,30.6
6/24/2022,28.8
6/25/2022,28.6
6/26/2022,29.2
6/27/2022,27.9
6/28/2022,28.5
6/29/2022,28.9
6/30/2022,29
7/1/2022,29.9
7/2/2022,30.1
7/3/2022,28.2
7/4/2022,27.5
7/5/2022,28.3
7/6/2022,29.3
7/7/2022,29.3
7/8/2022,28.4
7/9/2022,23
7/10/2022,25
7/11/2022,26.3
7/12/2022,26.4
7/13/2022,25.4
7/14/2022,25.9
7/15/2022,27.5
7/16/2022,29.3
7/17/2022,30.3
7/18/2022,28.2
7/19/2022,25.6
7/20/2022,25.7
7/21/2022,28.3
7/22/2022,30.3
7/23/2022,31.1
7/24/2022,32.3
7/25/2022,31.5
7/26/2022,30.7
7/27/2022,31.5
7/28/2022,30.5
7/29/2022,29.2
7/30/2022,30.2
7/31/2022,30.6
8/1/2022,29.9
8/2/2022,29.5
8/3/2022,28.4
8/4/2022,28.7
8/5/2022,29
8/6/2022,29.6
8/7/2022,28.9
8/8/2022,28.7
8/9/2022,29.2
8/10/2022,29.3
8/11/2022,28.5
8/12/2022,27.7
8/13/2022,27.6
8/14/2022,27.7
8/15/2022,27
8/16/2022,29
8/17/2022,29.7
8/18/2022,30.8
8/19/2022,31.4
8/20/2022,30.9
8/21/2022,28.6
8/22/2022,27.4
8/23/2022,25.1
8/24/2022,23.3
8/25/2022,24.4
8/26/2022,25.4
8/27/2022,26.7
8/28/2022,27.8
8/29/2022,28.2
8/30/2022,27.9
8/31/2022,27.5
9/1/2022,27.7
9/2/2022,27.5
9/3/2022,27.4
9/4/2022,28.1
9/5/2022,24.7
9/6/2022,23.5
9/7/2022,23.6
9/8/2022,24.5
9/9/2022,26.3
9/10/2022,28.2
9/11/2022,28.2
9/12/2022,26.1
9/13/2022,24.7
9/14/2022,25.4
9/15/2022,26.3
9/16/2022,27.1
9/17/2022,28.1
9/18/2022,26.3
9/19/2022,24
9/20/2022,23.8
9/21/2022,21.1
9/22/2022,18.4
9/23/2022,19.3
9/24/2022,19.9
9/25/2022,21.5
9/26/2022,22.2
9/27/2022,23.4
9/28/2022,24.1
9/29/2022,24
9/30/2022,24.4
10/1/2022,25.5
10/2/2022,24.9
10/3/2022,24
10/4/2022,21.1
10/5/2022,19.7
10/6/2022,19.4
10/7/2022,19.8
10/8/2022,20.9
10/9/2022,22.1
10/10/2022,21
10/11/2022,21.4
10/12/2022,21
10/13/2022,20.7
10/14/2022,17.3
10/15/2022,16.9
10/16/2022,17.8
10/17/2022,17.4
10/18/2022,17.4
10/19/2022,18.6
10/20/2022,18.3
10/21/2022,17.4
10/22/2022,16.9
10/23/2022,20.3
10/24/2022,21.9
10/25/2022,22
10/26/2022,22.1
10/27/2022,19.8
10/28/2022,18.6
10/29/2022,17.9
10/30/2022,18.2
10/31/2022,19.4
11/1/2022,19.6
11/2/2022,19.8
11/3/2022,20.7
11/4/2022,20.2
11/5/2022,18.9
11/6/2022,16.6
11/7/2022,16.7
11/8/2022,16
11/9/2022,15.8
11/10/2022,15.8
11/11/2022,15.7
11/12/2022,14.6
11/13/2022,15.3
11/14/2022,15.6
11/15/2022,14.9
11/16/2022,16.7
11/17/2022,17.6
11/18/2022,18.1
11/19/2022,19.6
11/20/2022,19.3
11/21/2022,17.4
11/22/2022,16
11/23/2022,16.3
11/24/2022,14.7
11/25/2022,14.1
11/26/2022,13.5
11/27/2022,12.4
11/28/2022,11.2
11/29/2022,11.7
11/30/2022,12.8
12/1/2022,14.6
12/2/2022,14.1
12/3/2022,14.3
12/4/2022,13.6
12/5/2022,13.6
12/6/2022,14
12/7/2022,14.9
12/8/2022,15
12/9/2022,15.3
12/10/2022,15.8
12/11/2022,16.8
12/12/2022,15.4
12/13/2022,14.4
12/14/2022,13.6
12/15/2022,17.3
12/16/2022,15.9
12/17/2022,16.3
12/18/2022,16.1
12/19/2022,12.9
12/20/2022,8.7
12/21/2022,8.6
12/22/2022,8.4
12/23/2022,12.3
12/24/2022,12.8
12/25/2022,13.5
12/26/2022,13.8
12/27/2022,13.8
12/28/2022,12.2
12/29/2022,13
12/30/2022,13.2
12/31/2022,12.4
1/1/2023,11.8
